TC	COUNT	MEAN	MEDIAN	MODE	
                SD	VARIANCE	Elapsed Time (s)
TC1	399	241.91	239.00	#N/A	145.39	21139.29	0.000619
TC2	1977	250.78	247.00	230.0	144.21	20795.89	0.001490
TC3	12624	249.78	249.00	94.0	145.32	21118.95	0.006705
TC4	12624	149.00	147.75	123.74999999999999	130.42	17009.27	0.005969
TC5	307	241.50	241.00	#N/A	145.70	21229.17	0.000544
TC6	3000	187906599279774597120.00	188008049965542998016.00	#N/A	107399951657667674112.00	11534749616069352746871794126889521512448.00	0.001826
TC7	12767	247467395499716575232.00	246640973074290016256.00	#N/A	144611310601233268736.00	20912431153806364628746950905598174035968.00	0.006118
