TC	COUNT	MEAN	MEDIAN	MODE	SD	VARIANCE	Elapsed Time (s)
TC1	399	241.91228070175438	239.0	#N/A	145.21124470416453	21086.30558853275	0.000597
TC2	1977	250.7840161861406	247.0	230.0	144.17131868884059	20785.369132479238	0.001125
TC3	12624	249.77621989860583	249.0	94.0	145.31784980917962	21117.27747316329	0.005241
TC4	12624	149.00267347908746	147.75	123.75	130.41441961308894	17007.920843018837	0.005972
TC5	307	241.49511400651465	241.0	#N/A	145.46484786056646	21160.021963097748	0.000357
TC6	3000	1.8790659927977473e+20	1.88008049965543e+20	#N/A	1.0738205017381e+20	1.1530904699530647e+40	0.002101
TC7	12767	2.474673954997149e+20	2.4664097307429e+20	#N/A	1.4460564700984703e+20	2.0910793147136484e+40	0.006586
